1,TIME_1,06:00:00,07:00:00,,,2018-10-24 20:20:32.831613,2018-10-24 20:20:32.831613,ACTIVE
2,TIME_2,07:00:00,08:00:00,,,2018-10-24 20:20:54.301968,2018-10-24 20:20:54.301968,ACTIVE
3,TIME_3,08:00:00,09:00:00,,,2018-10-24 20:21:05.962052,2018-10-24 20:21:05.962052,ACTIVE
4,TIME_4,09:00:00,10:00:00,,,2018-10-24 21:05:35.202327,2018-10-24 21:05:35.202327,ACTIVE
5,TIME_5,10:00:00,11:00:00,,,2018-10-24 21:05:44.277725,2018-10-24 21:05:44.277725,ACTIVE
7,TIME_7,12:00:00,13:00:00,,,2018-10-24 21:06:24.744493,2018-10-24 21:06:24.744493,ACTIVE
6,TIME_6,11:00:00,12:00:00,,,2018-10-24 21:05:55.989893,2018-10-24 21:05:55.989893,ACTIVE
8,TIME_8,13:00:00,14:00:00,,,2018-10-24 21:10:16.736445,2018-10-24 21:10:16.736445,ACTIVE
9,TIME_9,14:00:00,15:00:00,,,2018-10-24 21:10:26.539966,2018-10-24 21:10:26.539966,ACTIVE
11,TIME_11,16:00:00,17:00:00,,,2018-10-24 21:10:44.722635,2018-10-24 21:10:44.722635,ACTIVE
10,TIME_10,15:00:00,16:00:00,,,2018-10-24 21:10:32.876459,2018-10-24 21:10:32.876459,ACTIVE
